citation_key	paper_id	authors	year	title	journal	doi	pmid	species	gene_or_isoform	mutation_reported	herbicide_or_class	evidence_type	method_used	main_finding	verified_status	manual_check_notes
Nie_2023_V361A	PAPER_003	Nie, HZ; Harre, NT; Young, BG	2023	A New V361A Mutation in Amaranthus palmeri PPX2 Associated with PPO-Inhibiting Herbicide Resistance	PLANTS-BASEL	10.3390/plants12091886		Amaranthus palmeri	PPX2	V361A; Delta G210; R128G/M; G399A	fomesafen; lactofen	experimentally_confirmed_target_site_resistance	genotyping; candidate mutation screening; transformed bacterial strain assay	V361A in PPX2 was identified in A. palmeri and experimentally tested for PPO-inhibitor resistance against lactofen and fomesafen.	verified	Paper-level PDF evidence extracted; mutation-level rows intentionally deferred.
Varanasi_2018	PAPER_006	Varanasi, VK; Brabham, C; Norsworthy, JK; Nie, H; Young, BG; Houston, M; Barber, T; Scott, RC	2018	A Statewide Survey of PPO-Inhibitor Resistance and the Prevalent Target-Site Mechanisms in Palmer amaranth (Amaranthus palmeri) Accessions from Arkansas	WEED SCIENCE	10.1017/wsc.2017.68		Amaranthus palmeri	PPX2	Delta G210; R128G; R128M	fomesafen	experimentally_confirmed_target_site_resistance	fomesafen screen; TaqMan qPCR genotyping; field survey	Arkansas Palmer amaranth accessions were screened with fomesafen and genotyped for Delta G210 and R128G/M target-site mechanisms in PPX2.	verified	Paper-level PDF evidence extracted; mutation-level rows intentionally deferred.
Steppig_2025	PAPER_008	Steppig, NR; Johnson, WG; Young, BG	2025	Common target-site resistance mutations for PPO-inhibiting herbicides in waterhemp (Amaranthus tuberculatus) and Palmer amaranth (Amaranthus palmeri) do not confer cross-resistance to trifludimoxazin	WEED SCIENCE	10.1017/wsc.2024.103		Amaranthus tuberculatus; Amaranthus palmeri	PPO2; PPX2	Delta G210; R128G; R128M; R128I; V361A; G399A	trifludimoxazin; fomesafen; saflufenacil; lactofen; flumioxazin	experimentally_confirmed_target_site_resistance	greenhouse dose-response; field experiments; resistant/susceptible ratio comparisons	Known PPO2 target-site mutations in waterhemp and Palmer amaranth did not show cross-resistance to trifludimoxazin in the reported assays.	verified	Paper-level PDF evidence extracted; some mutation terms are background/context and need review before mutation-level rows.
Copeland_2018	PAPER_016	Copeland, JD; Giacomini, DA; Tranel, PJ; Montgomery, GB; Steckel, LE	2018	Distribution of PPX2 Mutations Conferring PPO-Inhibitor Resistance in Palmer Amaranth Populations of Tennessee	WEED TECHNOLOGY	10.1017/wet.2018.59		Amaranthus palmeri	PPX2	Delta G210; R128G; R128M	fomesafen	experimentally_confirmed_target_site_resistance	fomesafen selection; TaqMan qPCR; dCAPS genotyping; survey	Tennessee Palmer amaranth populations contained Delta G210, R128G, and R128M PPX2 mutations associated with PPO-inhibitor resistance.	verified	Paper-level PDF evidence extracted; exact genotype frequencies require manual review.
Montgomery_2025	PAPER_017	Montgomery, J; Singh, D; Tyre, A; Chittoor, J; Wollam, C; Chiapelli, B; Pawlak, J; Aradhya, C; Perez-Jones, A	2025	Distribution of target site PPO-inhibiting herbicide resistance mutations in waterhemp and Palmer amaranth and association of epyrifenacil efficacy with PPX2 target site variants	WEED TECHNOLOGY	10.1017/wet.2025.40		Amaranthus palmeri; Amaranthus tuberculatus	PPX2	Delta G210; R128G; V361A; G399A	epyrifenacil; saflufenacil; saflufenacil plus trifludimoxazin	experimentally_confirmed_target_site_resistance	whole-plant assay; PPX2 sequencing; PCR-amplified cDNA; same-plant association study	Epyrifenacil controlled most sampled accessions, while PPX2 target-site variants were sequenced and associated with response metrics.	verified	Paper-level PDF evidence extracted; variant-specific conclusions need manual review before mutation-level rows.
Nie_2019_Waterhemp	PAPER_020	Nie, HZ; Mansfield, BC; Harre, NT; Young, JM; Steppig, NR; Young, BG	2019	Investigating target-site resistance mechanism to the PPO-inhibiting herbicide fomesafen in waterhemp and interspecific hybridization of Amaranthus species using next generation sequencing	PEST MANAGEMENT SCIENCE	10.1002/ps.5445		Amaranthus tuberculatus; Amaranthus palmeri; Amaranthus albus	PPX2	Delta G210; R128G; R128I; R128K; R128M	fomesafen	experimentally_confirmed_target_site_resistance	MiSeq amplicon sequencing; Sanger sequencing; bacterial expression assay; sequence alignment	Next-generation sequencing identified R128G/I PPX2 mutations novel to waterhemp and provided evidence of Amaranthus gene flow.	verified	Paper-level PDF evidence extracted; R128K requires careful manual handling before mutation-level rows.
CarvalhoMoore_2021	PAPER_024	Carvalho-Moore, P; Rangani, G; Heiser, J; Findley, D; Bowe, SJ; Roma-Burgos, N	2021	PPO2 Mutations in Amaranthus palmeri: Implications on Cross-Resistance	AGRICULTURE-BASEL	10.3390/agriculture11080760		Amaranthus palmeri	PPO2; PPX2	Delta G210; G399A; R128G; R128M	fomesafen; carfentrazone; flumioxazin; saflufenacil; trifludimoxazin	experimentally_confirmed_target_site_resistance	greenhouse dose-response; cross-resistance assay; genotyping; TaqMan qPCR	A. palmeri accessions harboring PPO2 mutations were tested for fomesafen response and cross-resistance to multiple PPO-inhibiting herbicides.	verified	Paper-level PDF evidence extracted; exact mutation combinations and accession-level responses require manual review.
Sun_2026_Aretroflexus	PAPER_030	Sun, ZH; Cao, WL; Wang, S; Du, L; Liu, C; Li, DL; Li, CJ; Feng, Y; Liu, XL; Zhou, ZT; Xu, XF; Sun, WP; Teng, CH	2026	Target-site and metabolic mechanisms confer broad resistance to PPO-inhibiting herbicides in Amaranthus retroflexus	PESTICIDE BIOCHEMISTRY AND PHYSIOLOGY	10.1016/j.pestbp.2026.107085		Amaranthus retroflexus	PPX2; PPO2; PPX1/PPO1 discussed	Arg-128-Gly	fomesafen	experimentally_confirmed_target_site_and_metabolic_resistance	whole-plant bioassay; PPO enzyme activity assay; PPX2 sequencing; metabolism assay; transcriptome/RT-qPCR; heterologous expression	An A. retroflexus genotype carried an Arg-128-Gly PPX2 mutation and the paper also reported metabolic resistance evidence for fomesafen.	verified	Paper-level PDF evidence extracted; useful for Amaranthus spp. context but not a waterhemp or Palmer amaranth paper.
Giacomini_2017	PAPER_035	Giacomini, DA; Umphres, AM; Nie, HZ; Mueller, TC; Steckel, LE; Young, BG; Scott, RC; Tranel, PJ	2017	Two new PPX2 mutations associated with resistance to PPO-inhibiting herbicides in Amaranthus palmeri	PEST MANAGEMENT SCIENCE	10.1002/ps.4581		Amaranthus palmeri	PPX2; PPO2	R98G; R98M; Delta G210	fomesafen	experimentally_confirmed_target_site_resistance	PPX2 cDNA sequencing; fomesafen selection; dCAPS assay development	Sequencing identified R98G and R98M PPX2 mutations in resistant A. palmeri plants, and a dCAPS assay was developed for detection.	verified	Paper-level PDF evidence extracted; residue-number mapping and nomenclature should be checked before mutation-level rows.
