paper_id	pdf_file_name	paper_title	authors	year	doi	pmid	species_studied	weed_common_name	ppo_gene_or_isoform	mutations_reported	herbicides_tested	resistance_context	evidence_methods	experimental_confirmation	key_result_summary	figure_or_table_reference	page_note	confidence_level	needs_manual_review	notes
PAPER_003	paper-003.pdf	A New V361A Mutation in Amaranthus palmeri PPX2 Associated with PPO-Inhibiting Herbicide Resistance	Nie, HZ; Harre, NT; Young, BG	2023	10.3390/plants12091886		Amaranthus palmeri	Palmer amaranth	PPX2	V361A; Delta G210; R128G/M; G399A	fomesafen; lactofen	field survivors; candidate target-site mutation; bacterial functional assay	genotyping; candidate mutation screening; transformed bacterial strain assay; resistance ratio reported for fomesafen	yes	V361A in PPX2 was identified in A. palmeri and experimentally tested for PPO-inhibitor resistance against lactofen and fomesafen.	needs_manual_check	PDF page 1 abstract; PPX2 and bacterial assay terms also visible in later methods/results pages.	high	yes	Paper-level evidence only; review full tables/figures before creating mutation-level rows.
PAPER_006	paper-006.pdf	A Statewide Survey of PPO-Inhibitor Resistance and the Prevalent Target-Site Mechanisms in Palmer amaranth (Amaranthus palmeri) Accessions from Arkansas	Varanasi, VK; Brabham, C; Norsworthy, JK; Nie, H; Young, BG; Houston, M; Barber, T; Scott, RC	2018	10.1017/wsc.2017.68		Amaranthus palmeri	Palmer amaranth	PPX2	Delta G210; R128G; R128M	fomesafen	statewide survey of Palmer amaranth accessions; target-site mechanisms after fomesafen screening	fomesafen screen; TaqMan qPCR genotyping; field survey; greenhouse context	yes	Arkansas Palmer amaranth accessions were screened with fomesafen and genotyped for Delta G210 and R128G/M target-site mechanisms in PPX2.	Figure 1; Table 1	PDF page 1 abstract; PDF page 3 Results and Discussion references Figure 1 and Table 1.	high	yes	Paper-level evidence only; mutation-level row creation deferred for manual review.
PAPER_008	paper-008.pdf	Common target-site resistance mutations for PPO-inhibiting herbicides in waterhemp (Amaranthus tuberculatus) and Palmer amaranth (Amaranthus palmeri) do not confer cross-resistance to trifludimoxazin	Steppig, NR; Johnson, WG; Young, BG	2025	10.1017/wsc.2024.103		Amaranthus tuberculatus; Amaranthus palmeri	waterhemp; Palmer amaranth	PPO2; PPX2	Delta G210; R128G; R128M; R128I; V361A; G399A	trifludimoxazin; fomesafen; saflufenacil; lactofen; flumioxazin	greenhouse dose-response and field efficacy for known PPO-resistant biotypes and populations	greenhouse dose-response; field experiments; resistant/susceptible ratio comparisons	yes	Known PPO2 target-site mutations in waterhemp and Palmer amaranth did not show cross-resistance to trifludimoxazin in the reported assays.	Figure 1; Table 1	PDF page 1 abstract; PDF page 3 references Figure 1 and Table 1.	high	yes	Paper-level evidence only; some mutation terms are background/context and should be checked before mutation-level rows.
PAPER_016	paper-016.pdf	Distribution of PPX2 Mutations Conferring PPO-Inhibitor Resistance in Palmer Amaranth Populations of Tennessee	Copeland, JD; Giacomini, DA; Tranel, PJ; Montgomery, GB; Steckel, LE	2018	10.1017/wet.2018.59		Amaranthus palmeri	Palmer amaranth	PPX2	Delta G210; R128G; R128M	fomesafen	Tennessee Palmer amaranth survey for known PPX2 mutations after fomesafen selection	fomesafen selection; TaqMan qPCR; dCAPS genotyping; survey	yes	Tennessee Palmer amaranth populations contained Delta G210, R128G, and R128M PPX2 mutations associated with PPO-inhibitor resistance.	Figure 1; Table 1	PDF page 1 abstract; PDF page 3 Results and Discussion references Figure 1 and Table 1.	high	yes	Paper-level evidence only; exact genotype frequencies should be reviewed before mutation-level rows.
PAPER_017	paper-017.pdf	Distribution of target site PPO-inhibiting herbicide resistance mutations in waterhemp and Palmer amaranth and association of epyrifenacil efficacy with PPX2 target site variants	Montgomery, J; Singh, D; Tyre, A; Chittoor, J; Wollam, C; Chiapelli, B; Pawlak, J; Aradhya, C; Perez-Jones, A	2025	10.1017/wet.2025.40		Amaranthus palmeri; Amaranthus tuberculatus	Palmer amaranth; common waterhemp	PPX2	Delta G210; R128G; V361A; G399A	epyrifenacil; saflufenacil; saflufenacil plus trifludimoxazin	survey of Palmer amaranth and waterhemp accessions; association of PPX2 variants with epyrifenacil response	whole-plant assay; PPX2 sequencing; PCR-amplified cDNA; same-plant association study	yes	Epyrifenacil controlled most sampled accessions, while PPX2 target-site variants were sequenced and associated with response metrics.	Figure 1; Table 1	PDF page 1 abstract; PDF pages 3-4 reference Figure 1 and Table 1.	high	yes	Paper-level evidence only; variant-specific conclusions need manual review before mutation-level rows.
PAPER_020	paper-020.pdf	Investigating target-site resistance mechanism to the PPO-inhibiting herbicide fomesafen in waterhemp and interspecific hybridization of Amaranthus species using next generation sequencing	Nie, HZ; Mansfield, BC; Harre, NT; Young, JM; Steppig, NR; Young, BG	2019	10.1002/ps.5445		Amaranthus tuberculatus; Amaranthus palmeri; Amaranthus albus	waterhemp; Palmer amaranth; tumble pigweed	PPX2	Delta G210; R128G; R128I; R128K; R128M	fomesafen	PPO-resistant waterhemp populations and interspecific Amaranthus gene-flow evidence	MiSeq amplicon sequencing; Sanger sequencing; bacterial expression assay; sequence alignment	yes	Next-generation sequencing identified R128G/I PPX2 mutations novel to waterhemp and provided evidence of Amaranthus gene flow.	needs_manual_check	PDF page 1 abstract and conclusion; methods/results sections discuss MiSeq, Sanger sequencing, and bacterial assays.	high	yes	Paper-level evidence only; R128K did not show the same bacterial-system confirmation in the abstract and needs careful manual handling.
PAPER_024	paper_024.pdf	PPO2 Mutations in Amaranthus palmeri: Implications on Cross-Resistance	Carvalho-Moore, P; Rangani, G; Heiser, J; Findley, D; Bowe, SJ; Roma-Burgos, N	2021	10.3390/agriculture11080760		Amaranthus palmeri	Palmer amaranth	PPO2; PPX2	Delta G210; G399A; R128G; R128M	fomesafen; carfentrazone; flumioxazin; saflufenacil; trifludimoxazin	resistant A. palmeri accessions; dose-response and cross-resistance to PPO herbicides	greenhouse dose-response; cross-resistance assay; genotyping; TaqMan qPCR	yes	A. palmeri accessions harboring PPO2 mutations were tested for fomesafen response and cross-resistance to multiple PPO-inhibiting herbicides.	Table 1	PDF page 1 abstract; PDF page 4 references herbicide Table 1; PDF page 11 conclusions.	high	yes	Paper-level evidence only; exact mutation combinations and accession-level responses require manual review.
PAPER_030	paper_030.pdf	Target-site and metabolic mechanisms confer broad resistance to PPO-inhibiting herbicides in Amaranthus retroflexus	Sun, ZH; Cao, WL; Wang, S; Du, L; Liu, C; Li, DL; Li, CJ; Feng, Y; Liu, XL; Zhou, ZT; Xu, XF; Sun, WP; Teng, CH	2026	10.1016/j.pestbp.2026.107085		Amaranthus retroflexus	redroot pigweed	PPX2; PPO2; PPX1/PPO1 discussed	Arg-128-Gly	fomesafen	resistant A. retroflexus genotypes with target-site and non-target-site resistance mechanisms	whole-plant bioassay; PPO enzyme activity assay; PPX2 sequencing; metabolism assay; transcriptome/RT-qPCR; heterologous expression	yes	An A. retroflexus genotype carried an Arg-128-Gly PPX2 mutation and the paper also reported metabolic resistance evidence for fomesafen.	needs_manual_check	PDF page 1 abstract/results; PDF page 10 conclusions.	high	yes	Paper-level evidence only; useful for Amaranthus spp. background but not a waterhemp or Palmer amaranth paper.
PAPER_035	paper_035.pdf	Two new PPX2 mutations associated with resistance to PPO-inhibiting herbicides in Amaranthus palmeri	Giacomini, DA; Umphres, AM; Nie, HZ; Mueller, TC; Steckel, LE; Young, BG; Scott, RC; Tranel, PJ	2017	10.1002/ps.4581		Amaranthus palmeri	Palmer amaranth	PPX2; PPO2	R98G; R98M; Delta G210	fomesafen	Palmer amaranth populations where Delta G210 did not fully explain PPO-inhibitor resistance	PPX2 cDNA sequencing; fomesafen selection; dCAPS assay development	yes	Sequencing identified R98G and R98M PPX2 mutations in resistant A. palmeri plants, and a dCAPS assay was developed for detection.	needs_manual_check	PDF page 1 abstract and conclusion.	high	yes	Paper-level evidence only; residue-number mapping and nomenclature should be checked before mutation-level rows.
